"Table 109-5355 Estimates of population (2011 Census and administrative data), by age group and sex for July 1st, Canada, provinces, territories, health regions (2015 boundaries) and peer groups, annual (number)(1,2,3,4)",,,,,,,,,,,,,,,,,,,,,,,,,,,,,,,,,,,,,,,,,,,,,,,,,,,,,,,
Survey or program details:,,,,,,,,,,,,,,,,,,,,,,,,,,,,,,,,,,,,,,,,,,,,,,,,,,,,,,,
"Estimates of Population by Age and Sex for Canada, Provinces and Territories - 3604",,,,,,,,,,,,,,,,,,,,,,,,,,,,,,,,,,,,,,,,,,,,,,,,,,,,,,,
"Geography (5,6,7)",Age group,Sex,2010,2011,2012,2013,2014,2015,,"Geography (5,6,7)",Canada [0] ,Canada [0] ,Canada [0] ,Newfoundland and Labrador [10] ,Newfoundland and Labrador [10] ,Newfoundland and Labrador [10] ,Prince Edward Island [11] ,Prince Edward Island [11] ,Prince Edward Island [11] ,Nova Scotia [12] ,Nova Scotia [12] ,Nova Scotia [12] ,New Brunswick [13] ,New Brunswick [13] ,New Brunswick [13] ,Quebec [24] ,Quebec [24] ,Quebec [24] ,Ontario by Local Health Integration Network [35]  (8),Ontario by Local Health Integration Network [35]  (8),Ontario by Local Health Integration Network [35]  (8),Ontario by Health Unit [35]  (8),Ontario by Health Unit [35]  (8),Ontario by Health Unit [35]  (8),Manitoba [46] ,Manitoba [46] ,Manitoba [46] ,Saskatchewan [47] ,Saskatchewan [47] ,Saskatchewan [47] ,Alberta [48] ,Alberta [48] ,Alberta [48] ,British Columbia [59] ,British Columbia [59] ,British Columbia [59] ,Yukon [60] ,Yukon [60] ,Yukon [60] ,Northwest Territories [61] ,Northwest Territories [61] ,Northwest Territories [61] ,Nunavut [62] ,Nunavut [62] ,Nunavut [62] 
Canada [0] ,"Total, all ages",Both sexes,34005274,34342780,34751476,35155499,35543658,35851774,,Age group,"Total, all ages","Total, all ages","Total, all ages","Total, all ages","Total, all ages","Total, all ages","Total, all ages","Total, all ages","Total, all ages","Total, all ages","Total, all ages","Total, all ages","Total, all ages","Total, all ages","Total, all ages","Total, all ages","Total, all ages","Total, all ages","Total, all ages","Total, all ages","Total, all ages","Total, all ages","Total, all ages","Total, all ages","Total, all ages","Total, all ages","Total, all ages","Total, all ages","Total, all ages","Total, all ages","Total, all ages","Total, all ages","Total, all ages","Total, all ages","Total, all ages","Total, all ages","Total, all ages","Total, all ages","Total, all ages","Total, all ages","Total, all ages","Total, all ages","Total, all ages","Total, all ages","Total, all ages"
Canada [0] ,"Total, all ages",Males,16847961,17015959,17225198,17430739,17626354,17776719,,Sex,Both sexes,Males,Females,Both sexes,Males,Females,Both sexes,Males,Females,Both sexes,Males,Females,Both sexes,Males,Females,Both sexes,Males,Females,Both sexes,Males,Females,Both sexes,Males,Females,Both sexes,Males,Females,Both sexes,Males,Females,Both sexes,Males,Females,Both sexes,Males,Females,Both sexes,Males,Females,Both sexes,Males,Females,Both sexes,Males,Females
Canada [0] ,"Total, all ages",Females,17157313,17326821,17526278,17724760,17917304,18075055,,2010,34005274,16847961,17157313,521972,257449,264523,141678,69204,72474,942073,461366,480707,753044,371833,381211,7929365,3931804,3997561,13135063,6452783,6682280,13135063,6452783,6682280,1220930,605597,615333,1051425,525716,525709,3732573,1895322,1837251,4465924,2219698,2246226,34596,17680,16916,43278,22249,21029,33353,17260,16093
Newfoundland and Labrador [10] ,"Total, all ages",Both sexes,521972,525037,526895,528017,529069,527756,,2011,34342780,17015959,17326821,525037,259070,265967,144038,70319,73719,944469,463457,481012,755530,373667,381863,8007656,3973044,4034612,13263544,6513580,6749964,13263544,6513580,6749964,1233728,611948,621780,1066349,534856,531493,3790191,1921123,1869068,4499139,2236756,2262383,35402,18095,17307,43501,22337,21164,34196,17707,16489
Newfoundland and Labrador [10] ,"Total, all ages",Males,257449,259070,259885,260340,260922,260141,,2012,34751476,17225198,17526278,526895,259885,267010,145259,70873,74386,944835,463616,481219,756836,374408,382428,8084768,4013825,4070943,13409558,6586653,6822905,13409558,6586653,6822905,1250406,620685,629721,1087223,546589,540634,3888552,1972434,1916118,4542578,2257406,2285172,36189,18480,17709,43648,22372,21276,34729,17972,16757
Newfoundland and Labrador [10] ,"Total, all ages",Females,264523,265967,267010,267677,268147,267615,,2013,35155499,17430739,17724760,528017,260340,267677,145441,70794,74647,942991,462446,480545,755718,373587,382131,8154761,4050085,4104676,13551004,6655826,6895178,13551004,6655826,6895178,1265342,628587,636755,1106122,557064,549058,4007748,2036296,1971452,4582607,2276341,2306266,36429,18584,17845,43884,22447,21437,35435,18342,17093
Prince Edward Island [11] ,"Total, all ages",Both sexes,141678,144038,145259,145441,146162,146447,,2014,35543658,17626354,17917304,529069,260922,268147,146162,71250,74912,942387,461872,480515,754578,372960,381618,8214885,4080910,4133975,13677687,6717164,6960523,13677687,6717164,6960523,1280242,636233,644009,1122283,566040,556243,4120897,2095874,2025023,4638415,2303157,2335258,36990,18838,18152,43980,22469,21511,36083,18665,17418
Prince Edward Island [11] ,"Total, all ages",Males,69204,70319,70873,70794,71250,71333,,2015,35851774,17776719,18075055,527756,260141,267615,146447,71333,75114,943002,461969,481033,753871,372394,381477,8263600,4105520,4158080,13792052,6773616,7018436,13792052,6773616,7018436,1293378,642866,650512,1133637,571807,561830,4196457,2132266,2064191,4683139,2324277,2358862,37428,18985,18443,44088,22499,21589,36919,19046,17873
Prince Edward Island [11] ,"Total, all ages",Females,72474,73719,74386,74647,74912,75114,,,,,,,,,,,,,,,,,,,,,,,,,,,,,,,,,,,,,,,,,,,,,,,
Nova Scotia [12] ,"Total, all ages",Both sexes,942073,944469,944835,942991,942387,943002,,,,,,,,,,,,,,,,,,,,,,,,,,,,,,,,,,,,,,,,,,,,,,,
Nova Scotia [12] ,"Total, all ages",Males,461366,463457,463616,462446,461872,461969,,,,,,,,,,,,,,,,,,,,,,,,,,,,,,,,,,,,,,,,,,,,,,,
Nova Scotia [12] ,"Total, all ages",Females,480707,481012,481219,480545,480515,481033,,,,,,,,,,,,,,,,,,,,,,,,,,,,,,,,,,,,,,,,,,,,,,,
New Brunswick [13] ,"Total, all ages",Both sexes,753044,755530,756836,755718,754578,753871,,,,,,,,,,,,,,,,,,,,,,,,,,,,,,,,,,,,,,,,,,,,,,,
New Brunswick [13] ,"Total, all ages",Males,371833,373667,374408,373587,372960,372394,,,,,,,,,,,,,,,,,,,,,,,,,,,,,,,,,,,,,,,,,,,,,,,
New Brunswick [13] ,"Total, all ages",Females,381211,381863,382428,382131,381618,381477,,,,,,,,,,,,,,,,,,,,,,,,,,,,,,,,,,,,,,,,,,,,,,,
Quebec [24] ,"Total, all ages",Both sexes,7929365,8007656,8084768,8154761,8214885,8263600,,,,,,,,,,,,,,,,,,,,,,,,,,,,,,,,,,,,,,,,,,,,,,,
Quebec [24] ,"Total, all ages",Males,3931804,3973044,4013825,4050085,4080910,4105520,,,,,,,,,,,,,,,,,,,,,,,,,,,,,,,,,,,,,,,,,,,,,,,
Quebec [24] ,"Total, all ages",Females,3997561,4034612,4070943,4104676,4133975,4158080,,,,,,,,,,,,,,,,,,,,,,,,,,,,,,,,,,,,,,,,,,,,,,,
Ontario by Local Health Integration Network [35]  (8),"Total, all ages",Both sexes,13135063,13263544,13409558,13551004,13677687,13792052,,,,,,,,,,,,,,,,,,,,,,,,,,,,,,,,,,,,,,,,,,,,,,,
Ontario by Local Health Integration Network [35]  (8),"Total, all ages",Males,6452783,6513580,6586653,6655826,6717164,6773616,,,,,,,,,,,,,,,,,,,,,,,,,,,,,,,,,,,,,,,,,,,,,,,
Ontario by Local Health Integration Network [35]  (8),"Total, all ages",Females,6682280,6749964,6822905,6895178,6960523,7018436,,,,,,,,,,,,,,,,,,,,,,,,,,,,,,,,,,,,,,,,,,,,,,,
Ontario by Health Unit [35]  (8),"Total, all ages",Both sexes,13135063,13263544,13409558,13551004,13677687,13792052,,,,,,,,,,,,,,,,,,,,,,,,,,,,,,,,,,,,,,,,,,,,,,,
Ontario by Health Unit [35]  (8),"Total, all ages",Males,6452783,6513580,6586653,6655826,6717164,6773616,,,,,,,,,,,,,,,,,,,,,,,,,,,,,,,,,,,,,,,,,,,,,,,
Ontario by Health Unit [35]  (8),"Total, all ages",Females,6682280,6749964,6822905,6895178,6960523,7018436,,,,,,,,,,,,,,,,,,,,,,,,,,,,,,,,,,,,,,,,,,,,,,,
Manitoba [46] ,"Total, all ages",Both sexes,1220930,1233728,1250406,1265342,1280242,1293378,,,,,,,,,,,,,,,,,,,,,,,,,,,,,,,,,,,,,,,,,,,,,,,
Manitoba [46] ,"Total, all ages",Males,605597,611948,620685,628587,636233,642866,,,,,,,,,,,,,,,,,,,,,,,,,,,,,,,,,,,,,,,,,,,,,,,
Manitoba [46] ,"Total, all ages",Females,615333,621780,629721,636755,644009,650512,,,,,,,,,,,,,,,,,,,,,,,,,,,,,,,,,,,,,,,,,,,,,,,
Saskatchewan [47] ,"Total, all ages",Both sexes,1051425,1066349,1087223,1106122,1122283,1133637,,,,,,,,,,,,,,,,,,,,,,,,,,,,,,,,,,,,,,,,,,,,,,,
Saskatchewan [47] ,"Total, all ages",Males,525716,534856,546589,557064,566040,571807,,,,,,,,,,,,,,,,,,,,,,,,,,,,,,,,,,,,,,,,,,,,,,,
Saskatchewan [47] ,"Total, all ages",Females,525709,531493,540634,549058,556243,561830,,,,,,,,,,,,,,,,,,,,,,,,,,,,,,,,,,,,,,,,,,,,,,,
Alberta [48] ,"Total, all ages",Both sexes,3732573,3790191,3888552,4007748,4120897,4196457,,,,,,,,,,,,,,,,,,,,,,,,,,,,,,,,,,,,,,,,,,,,,,,
Alberta [48] ,"Total, all ages",Males,1895322,1921123,1972434,2036296,2095874,2132266,,,,,,,,,,,,,,,,,,,,,,,,,,,,,,,,,,,,,,,,,,,,,,,
Alberta [48] ,"Total, all ages",Females,1837251,1869068,1916118,1971452,2025023,2064191,,,,,,,,,,,,,,,,,,,,,,,,,,,,,,,,,,,,,,,,,,,,,,,
British Columbia [59] ,"Total, all ages",Both sexes,4465924,4499139,4542578,4582607,4638415,4683139,,,,,,,,,,,,,,,,,,,,,,,,,,,,,,,,,,,,,,,,,,,,,,,
British Columbia [59] ,"Total, all ages",Males,2219698,2236756,2257406,2276341,2303157,2324277,,,,,,,,,,,,,,,,,,,,,,,,,,,,,,,,,,,,,,,,,,,,,,,
British Columbia [59] ,"Total, all ages",Females,2246226,2262383,2285172,2306266,2335258,2358862,,,,,,,,,,,,,,,,,,,,,,,,,,,,,,,,,,,,,,,,,,,,,,,
Yukon [60] ,"Total, all ages",Both sexes,34596,35402,36189,36429,36990,37428,,,,,,,,,,,,,,,,,,,,,,,,,,,,,,,,,,,,,,,,,,,,,,,
Yukon [60] ,"Total, all ages",Males,17680,18095,18480,18584,18838,18985,,,,,,,,,,,,,,,,,,,,,,,,,,,,,,,,,,,,,,,,,,,,,,,
Yukon [60] ,"Total, all ages",Females,16916,17307,17709,17845,18152,18443,,,,,,,,,,,,,,,,,,,,,,,,,,,,,,,,,,,,,,,,,,,,,,,
Northwest Territories [61] ,"Total, all ages",Both sexes,43278,43501,43648,43884,43980,44088,,,,,,,,,,,,,,,,,,,,,,,,,,,,,,,,,,,,,,,,,,,,,,,
Northwest Territories [61] ,"Total, all ages",Males,22249,22337,22372,22447,22469,22499,,,,,,,,,,,,,,,,,,,,,,,,,,,,,,,,,,,,,,,,,,,,,,,
Northwest Territories [61] ,"Total, all ages",Females,21029,21164,21276,21437,21511,21589,,,,,,,,,,,,,,,,,,,,,,,,,,,,,,,,,,,,,,,,,,,,,,,
Nunavut [62] ,"Total, all ages",Both sexes,33353,34196,34729,35435,36083,36919,,,,,,,,,,,,,,,,,,,,,,,,,,,,,,,,,,,,,,,,,,,,,,,
Nunavut [62] ,"Total, all ages",Males,17260,17707,17972,18342,18665,19046,,,,,,,,,,,,,,,,,,,,,,,,,,,,,,,,,,,,,,,,,,,,,,,
Nunavut [62] ,"Total, all ages",Females,16093,16489,16757,17093,17418,17873,,,,,,,,,,,,,,,,,,,,,,,,,,,,,,,,,,,,,,,,,,,,,,,
Peer group A [A] ,"Total, all ages",Both sexes,5332073,5373204,5421247,5461645,5509997,5553700,,,,,,,,,,,,,,,,,,,,,,,,,,,,,,,,,,,,,,,,,,,,,,,
Peer group A [A] ,"Total, all ages",Males,2615984,2636676,2662031,2682153,2706203,2728339,,,,,,,,,,,,,,,,,,,,,,,,,,,,,,,,,,,,,,,,,,,,,,,
Peer group A [A] ,"Total, all ages",Females,2716089,2736528,2759216,2779492,2803794,2825361,,,,,,,,,,,,,,,,,,,,,,,,,,,,,,,,,,,,,,,,,,,,,,,
Peer group B [B] ,"Total, all ages",Both sexes,10434980,10583817,10776453,10981590,11174466,11331483,,,,,,,,,,,,,,,,,,,,,,,,,,,,,,,,,,,,,,,,,,,,,,,
Peer group B [B] ,"Total, all ages",Males,5205520,5276811,5375660,5482826,5582560,5659107,,,,,,,,,,,,,,,,,,,,,,,,,,,,,,,,,,,,,,,,,,,,,,,
Peer group B [B] ,"Total, all ages",Females,5229460,5307006,5400793,5498764,5591906,5672376,,,,,,,,,,,,,,,,,,,,,,,,,,,,,,,,,,,,,,,,,,,,,,,
Peer group C [C] ,"Total, all ages",Both sexes,5088693,5112989,5121923,5131345,5144651,5146790,,,,,,,,,,,,,,,,,,,,,,,,,,,,,,,,,,,,,,,,,,,,,,,
Peer group C [C] ,"Total, all ages",Males,2530771,2545256,2550011,2555231,2562561,2563560,,,,,,,,,,,,,,,,,,,,,,,,,,,,,,,,,,,,,,,,,,,,,,,
Peer group C [C] ,"Total, all ages",Females,2557922,2567733,2571912,2576114,2582090,2583230,,,,,,,,,,,,,,,,,,,,,,,,,,,,,,,,,,,,,,,,,,,,,,,
Peer group D [D] ,"Total, all ages",Both sexes,2198671,2207814,2214673,2220854,2226738,2231377,,,,,,,,,,,,,,,,,,,,,,,,,,,,,,,,,,,,,,,,,,,,,,,
Peer group D [D] ,"Total, all ages",Males,1097393,1102732,1106496,1109768,1112688,1115311,,,,,,,,,,,,,,,,,,,,,,,,,,,,,,,,,,,,,,,,,,,,,,,
Peer group D [D] ,"Total, all ages",Females,1101278,1105082,1108177,1111086,1114050,1116066,,,,,,,,,,,,,,,,,,,,,,,,,,,,,,,,,,,,,,,,,,,,,,,
Peer group E [E] ,"Total, all ages",Both sexes,1102431,1097534,1090598,1082134,1074096,1065857,,,,,,,,,,,,,,,,,,,,,,,,,,,,,,,,,,,,,,,,,,,,,,,
Peer group E [E] ,"Total, all ages",Males,542221,540177,536402,531845,527432,523034,,,,,,,,,,,,,,,,,,,,,,,,,,,,,,,,,,,,,,,,,,,,,,,
Peer group E [E] ,"Total, all ages",Females,560210,557357,554196,550289,546664,542823,,,,,,,,,,,,,,,,,,,,,,,,,,,,,,,,,,,,,,,,,,,,,,,
Peer group F [F] ,"Total, all ages",Both sexes,169285,171837,173618,175904,177906,180157,,,,,,,,,,,,,,,,,,,,,,,,,,,,,,,,,,,,,,,,,,,,,,,
Peer group F [F] ,"Total, all ages",Males,86444,87664,88572,89697,90623,91571,,,,,,,,,,,,,,,,,,,,,,,,,,,,,,,,,,,,,,,,,,,,,,,
Peer group F [F] ,"Total, all ages",Females,82841,84173,85046,86207,87283,88586,,,,,,,,,,,,,,,,,,,,,,,,,,,,,,,,,,,,,,,,,,,,,,,
Peer group G [G] ,"Total, all ages",Both sexes,5209986,5254510,5327080,5395874,5451633,5493290,,,,,,,,,,,,,,,,,,,,,,,,,,,,,,,,,,,,,,,,,,,,,,,
Peer group G [G] ,"Total, all ages",Males,2540041,2561791,2599108,2633413,2661742,2681872,,,,,,,,,,,,,,,,,,,,,,,,,,,,,,,,,,,,,,,,,,,,,,,
Peer group G [G] ,"Total, all ages",Females,2669945,2692719,2727972,2762461,2789891,2811418,,,,,,,,,,,,,,,,,,,,,,,,,,,,,,,,,,,,,,,,,,,,,,,
Peer group H [H] ,"Total, all ages",Both sexes,3892923,3956904,4031815,4101218,4170854,4232899,,,,,,,,,,,,,,,,,,,,,,,,,,,,,,,,,,,,,,,,,,,,,,,
Peer group H [H] ,"Total, all ages",Males,1929315,1960649,1997359,2030189,2062389,2092476,,,,,,,,,,,,,,,,,,,,,,,,,,,,,,,,,,,,,,,,,,,,,,,
Peer group H [H] ,"Total, all ages",Females,1963608,1996255,2034456,2071029,2108465,2140423,,,,,,,,,,,,,,,,,,,,,,,,,,,,,,,,,,,,,,,,,,,,,,,
Peer group I [I] ,"Total, all ages",Both sexes,576232,584171,594069,604935,613317,616221,,,,,,,,,,,,,,,,,,,,,,,,,,,,,,,,,,,,,,,,,,,,,,,
Peer group I [I] ,"Total, all ages",Males,300272,304203,309559,315617,320156,321449,,,,,,,,,,,,,,,,,,,,,,,,,,,,,,,,,,,,,,,,,,,,,,,
Peer group I [I] ,"Total, all ages",Females,275960,279968,284510,289318,293161,294772,,,,,,,,,,,,,,,,,,,,,,,,,,,,,,,,,,,,,,,,,,,,,,,
Footnotes:,,,,,,,,,,,,,,,,,,,,,,,,,,,,,,,,,,,,,,,,,,,,,,,,,,,,,,,
1,"Source: Statistics Canada, Demography Division. The CANSIM table 109-5355 is an update of CANSIM table 109-5345. This is because of the adoption of the 2015 version of the Health Region Geography. For more information, consult Statistics Canada's publication ""Health Regions: Boundaries and Correspondence with Census Geography"" (catalogue number 82-402-X).",,,,,,,,,,,,,,,,,,,,,,,,,,,,,,,,,,,,,,,,,,,,,,,,,,,,,,
2,"Postcensal population estimates are based on the latest census adjusted for census net undercoverage and also based on administrative sources on births, deaths and migration. Intercensal population estimates are based on postcensal estimates and data adjusted for net undercoverage of the censuses preceding and following the considered year. Population estimates are final intercensal from 2001 to 2010, final postcensal for 2011, updated postcensal for 2012 to 2014, and preliminary postcensal for 2015. Population estimates for health regions are derived from the subprovincial population estimates which are produced by the Demography Division using the components method.",,,,,,,,,,,,,,,,,,,,,,,,,,,,,,,,,,,,,,,,,,,,,,,,,,,,,,
3,"The number of people living in a geographic area, by age and sex.",,,,,,,,,,,,,,,,,,,,,,,,,,,,,,,,,,,,,,,,,,,,,,,,,,,,,,
4,The following standard symbols are used in this Statistics Canada table: (..) for figures not available for a specific reference period and (...) for figures not applicable.,,,,,,,,,,,,,,,,,,,,,,,,,,,,,,,,,,,,,,,,,,,,,,,,,,,,,,
5,"Health region population estimates are produced by the Demography Division, except for the Quebec and British Columbia estimates, which have been prepared by l'Institut de la statistique du Québec and BC Stats, respectively, for the whole period.",,,,,,,,,,,,,,,,,,,,,,,,,,,,,,,,,,,,,,,,,,,,,,,,,,,,,,
6,"Health regions are administrative areas defined by provincial ministries of health according to provincial legislation. The health regions presented in this table are based on boundaries and names in effect as of 2015. For complete Canadian coverage, each northern territory represents a health region.",,,,,,,,,,,,,,,,,,,,,,,,,,,,,,,,,,,,,,,,,,,,,,,,,,,,,,
7,"Peer groups are aggregations of health regions that share similar socio-economic and demographic characteristics, based on data from the 2011 Census of Population and 2011 National Household Survey. These are useful in the analysis of health regions, where important differences may be detected by comparing health regions within a peer group. The nine peer groups are identified by the letters A through I, which are appended to the health region 4-digit code. Caution should be taken when comparing data for the Peer Groups over time due to changes in the Peer Groups. In an analysis involving the peer groups, only one level of geography in Ontario should be used. For more information on the peer groups classification, consult Statistics Canada's publication ""Health Regions: Boundaries and Correspondence with Census Geography"" (catalogue number 82-402-X).",,,,,,,,,,,,,,,,,,,,,,,,,,,,,,,,,,,,,,,,,,,,,,,,,,,,,,
8,"In Ontario, Public Health Units (PHU) administer health promotion and disease prevention programs. Local Health Integration Networks (LHIN) are responsible for planning, funding and administering health care programs and services across the province.",,,,,,,,,,,,,,,,,,,,,,,,,,,,,,,,,,,,,,,,,,,,,,,,,,,,,,
Source:,,,,,,,,,,,,,,,,,,,,,,,,,,,,,,,,,,,,,,,,,,,,,,,,,,,,,,,
"Statistics Canada. Table 109-5355 - Estimates of population (2011 Census and administrative data), by age group and sex for July 1st, Canada, provinces, territories, health regions (2015 boundaries) and peer groups, annual (number)",,,,,,,,,,,,,,,,,,,,,,,,,,,,,,,,,,,,,,,,,,,,,,,,,,,,,,,
"(accessed: February 12, 2017)",,,,,,,,,,,,,,,,,,,,,,,,,,,,,,,,,,,,,,,,,,,,,,,,,,,,,,,