Names,GN1M,GN1F,GN2M,GN2F,GN3M,GN3F,GN4M,GN4F,GN5M,GN5F,GN6M,GN6F
Newfoundland and Labrador,112,127,105,117,154,165,125,138,139,142,138,146
Prince Edward Island,36,42,39,41,45,47,35,40,41,44,43,45
Nova Scotia,214,242,210,243,269,299,202,244,250,276,241,260
New Brunswick,189,219,171,205,211,242,178,199,215,232,211,223
Quebec,2279,2359,2197,2229,2121,2241,1976,2027,2451,2504,2305,2339
Ontario,3433,3633,3042,3136,3686,3769,2974,3185,3753,3753,3395,3352
Manitoba,273,274,242,239,324,350,255,285,313,317,307,295
Saskatchewan,227,253,201,224,286,316,233,235,260,274,266,262
Alberta,970,1002,908,918,1100,1110,948,948,1081,1054,1002,1029
British Columbia,1100,1215,995,1152,1330,1322,1012,1088,1225,1281,1153,1204
Yukon,8,7,8,7,10,9,7,6,10,8,8,7
Northwest Territories,8,9,7,7,11,11,7,7,10,9,10,8
Nunavut,5,6,5,5,8,7,5,5,8,7,7,6
,,,,,,,,,,,,
Names,GP1M,GP1F,GP2M,GP2F,GP3M,GP3F,GP4M,GP4F,GP5M,GP5F,GP6M,GP6F
Newfoundland and Labrador,53.6,57.6,50.2,53.2,73.7,75,59.7,62.8,66.6,64.4,66.1,66.3
Prince Edward Island,60.2,66.7,66.5,65.4,76.5,75,59.9,62.9,70,70.6,73.6,71.6
Nova Scotia,55.7,58.6,54.6,59,70,72.6,52.7,59.1,65.2,66.9,62.8,63
New Brunswick,61.2,67.8,55.4,63.3,68.4,74.7,57.8,61.6,69.7,71.8,68.4,69
Quebec,67.7,68.8,65.2,65.1,63,65.4,58.7,59.1,72.8,73.1,68.4,68.3
Ontario,61.4,62.4,54.4,53.8,65.9,64.7,53.2,54.7,67.1,64.4,60.7,57.5
Manitoba,52.9,52.4,46.8,45.8,62.8,66.9,49.4,54.6,60.7,60.8,59.4,56.5
Saskatchewan,50.9,57.1,45.1,50.4,64.2,71.3,52.4,52.8,58.4,61.7,59.8,59.1
Alberta,57.1,61.5,53.5,56.4,64.8,68.1,55.8,58.2,63.7,64.7,59,63.2
British Columbia,56.1,60.1,50.7,57,67.8,65.4,51.6,53.8,62.5,63.4,58.8,59.6
Yukon,51.3,48.9,52.8,43.4,68.4,62.8,46.6,38.9,64,54.8,54.4,45.5
Northwest Territories,47.6,54.7,39.9,43.1,63.2,66.6,41.7,42.8,57.7,56.3,55.3,51.6
Nunavut,41.9,45.4,40.4,41.8,64.6,58.6,41.5,40.1,59.4,55.4,54,51.1
,,,,,,,,,,,,
Names,AN1M,AN1F,AN2M,AN2F,AN3M,AN3F,AN4M,AN4F,AN5M,AN5F,AN6M,AN6F
Newfoundland and Labrador,95,89,81,72,43,39,75,66,66,71,62,60
Prince Edward Island,23,19,15,15,10,12,20,19,16,17,14,14
Nova Scotia,165,164,124,116,99,92,159,145,124,125,120,128
New Brunswick,116,95,104,75,81,59,115,106,86,84,87,79
Quebec,994,919,784,726,971,786,1073,1013,795,749,842,733
Ontario,1919,1821,1387,1293,1443,1323,1937,1952,1578,1639,1668,1710
Manitoba,222,228,198,210,150,128,198,205,180,180,171,179
Saskatchewan,207,182,182,161,135,97,176,169,166,153,162,154
Alberta,677,569,561,456,509,379,638,556,549,505,592,475
British Columbia,794,709,630,504,490,481,775,712,618,619,670,598
Yukon,7,7,5,6,4,5,7,7,5,6,6,7
Northwest Territories,9,7,9,7,5,5,9,8,7,7,7,7
Nunavut,7,6,7,6,4,4,7,6,5,4,6,5
,,,,,,,,,,,,
Names,AP1M,AP1F,AP2M,AP2F,AP3M,AP3F,AP4M,AP4F,AP5M,AP5F,AP6M,AP6F
Newfoundland and Labrador,45.5,40.4,38.6,32.9,20.5,17.8,36.1,30.1,31.7,32.3,29.8,27.1
Prince Edward Island,39.3,30.7,24.9,24,17.7,18.5,34.4,30.9,27.9,26.6,23.4,22.8
Nova Scotia,42.9,39.7,32.3,28.3,25.9,22.3,41.3,35.1,32.4,30.4,31.3,31
New Brunswick,37.8,29.5,33.7,23.2,26.3,18.2,37.3,32.8,27.9,25.8,28.4,24.5
Quebec,29.5,26.8,23.3,21.2,28.8,22.9,31.9,29.5,23.6,21.9,25,21.4
Ontario,34.3,31.3,24.8,22.2,25.8,22.7,34.6,33.5,28.2,28.1,29.8,29.4
Manitoba,43,43.6,38.4,40.2,29.2,24.6,38.3,39.3,35,34.5,33.2,34.2
Saskatchewan,46.5,40.9,40.9,36.3,30.4,21.8,39.6,38.1,37.3,34.5,36.3,34.6
Alberta,39.9,34.9,33.1,28,30,23.3,37.6,34.1,32.4,31,34.9,29.2
British Columbia,40.5,35.1,32.1,25,25,23.8,39.5,35.3,31.5,30.7,34.2,29.6
Yukon,44.8,46.1,34.7,39.9,26,30.5,44.4,47.5,30.4,39.6,39.5,45.6
Northwest Territories,50.7,42.8,52.5,45.5,30.6,28,50.6,52.5,40.7,40.3,41,44.1
Nunavut,56.4,45.4,52.8,48.9,34.2,31.7,52.7,50.9,39.2,35.5,43.8,40.7
,,,,,,,,,,,,
,Sex ,,,,,,,,,,,
,Male,,,,,,,,,,,
,Male,,,,,,,,,,,
,Male,,,,,,,,,,,
,Male,,,,,,,,,,,
,Male,,,,,,,,,,,
,Male,,,,,,,,,,,
,Male,,,,,,,,,,,
,Male,,,,,,,,,,,
,Male,,,,,,,,,,,
,Male,,,,,,,,,,,
,Male,,,,,,,,,,,
,Male,,,,,,,,,,,
,Male,,,,,,,,,,,
,Female,,,,,,,,,,,
,Female,,,,,,,,,,,
,Female,,,,,,,,,,,
,Female,,,,,,,,,,,
,Female,,,,,,,,,,,
,Female,,,,,,,,,,,
,Female,,,,,,,,,,,
,Female,,,,,,,,,,,
,Female,,,,,,,,,,,
,Female,,,,,,,,,,,
,Female,,,,,,,,,,,
,Female,,,,,,,,,,,
,Female,,,,,,,,,,,